user,country,ip_address,time
user_97,TW,138.193.220.146,2025-01-24 17:44:21.434015
user_319,SK,13.133.197.171,2025-02-13 21:16:42.150892
user_141,SV,217.232.195.81,2025-02-19 11:59:24.511981
user_323,SZ,49.54.190.30,2025-02-26 07:44:26.550270
user_165,KE,47.243.207.165,2025-04-01 23:55:42.130481
user_224,KE,149.228.190.203,2025-03-08 15:48:26.797574
user_356,VE,105.141.85.69,2025-04-13 05:23:23.660429
user_321,LK,147.231.176.40,2025-05-16 07:01:09.695095
user_325,GB,119.79.64.85,2025-01-11 07:38:49.734946
user_487,MN,180.14.151.82,2025-04-04 07:08:46.730619
user_462,GD,62.24.242.98,2025-04-02 23:51:16.834071
user_93,NR,132.56.116.151,2025-03-16 20:09:00.627697
user_355,AD,18.40.5.204,2025-04-29 17:29:01.044814
user_288,LA,30.117.182.96,2025-03-18 23:39:20.853357
user_205,CU,81.180.121.178,2025-04-19 11:01:58.809454
user_359,TV,200.16.111.21,2025-02-22 16:20:29.394103
user_419,CM,28.99.51.170,2025-03-06 03:07:08.194631
user_179,SN,27.213.31.144,2025-04-15 05:58:14.221922
user_240,SL,137.134.40.105,2025-01-19 17:08:49.938578
user_129,BJ,85.188.224.145,2025-01-13 02:56:12.827951
user_364,DJ,138.93.144.179,2025-05-05 15:34:17.688566
user_484,AR,128.242.245.89,2025-02-17 08:27:18.444403
user_371,BT,63.252.112.56,2025-01-29 18:10:02.687461
user_115,BZ,202.200.142.59,2025-04-27 07:25:08.876322
user_133,PW,8.139.233.183,2025-04-13 13:09:04.282631
user_234,VC,139.238.73.24,2025-02-21 14:10:30.245820
user_360,HN,199.73.127.170,2025-05-13 07:36:06.251649
user_445,SR,56.121.52.106,2025-01-17 14:04:29.328480
user_475,PG,16.165.12.9,2025-01-07 23:36:25.116884
user_421,SL,9.39.146.53,2025-03-13 18:04:35.810972
user_284,AM,197.247.102.64,2025-01-24 08:47:14.672281
user_263,IN,17.234.62.149,2025-04-12 10:12:21.987286
user_296,KP,16.49.169.110,2025-03-15 08:28:53.116633
user_197,BR,134.209.137.111,2025-01-06 23:21:11.511352
user_392,IQ,149.125.26.77,2025-04-19 18:55:05.997463
user_187,IE,117.10.137.42,2025-05-09 20:48:12.307165
user_431,IT,26.200.75.127,2025-02-24 18:42:12.300749
user_370,TV,55.202.87.136,2025-01-05 03:06:25.242986
user_297,GQ,32.89.9.21,2025-05-06 06:43:36.865564
user_102,CO,118.110.118.148,2025-02-24 14:20:03.615061
user_292,SG,219.17.157.219,2025-02-19 04:09:42.969944
user_168,LV,59.232.207.237,2025-01-15 19:43:18.857852
user_489,HU,185.30.37.43,2025-03-07 01:12:51.030285
user_51,MV,158.62.97.33,2025-01-12 01:47:34.384590
user_73,TM,4.104.144.105,2025-01-03 12:07:17.689917
user_144,SA,181.79.9.61,2025-01-24 02:27:00.852905
user_243,PW,67.170.176.119,2025-02-23 07:32:17.689840
user_130,GR,47.119.56.219,2025-04-03 13:17:25.911933
user_388,EC,148.16.96.249,2025-02-07 18:33:38.749354
user_241,GA,73.80.206.214,2025-03-16 02:12:30.645113
user_390,GM,171.78.136.255,2025-05-19 22:15:13.316149
user_340,ID,160.81.165.206,2025-03-27 11:29:54.625964
user_458,BD,147.184.151.185,2025-05-09 07:13:34.729502
user_116,CL,35.124.131.226,2025-04-15 15:41:20.379582
user_488,MV,3.157.88.90,2025-04-15 07:38:55.385628
user_269,PY,130.62.165.79,2025-03-23 06:08:01.125013
user_396,TR,108.232.135.144,2025-01-03 21:00:08.634406
user_448,MX,169.179.218.6,2025-01-22 01:08:13.352410
user_292,BF,69.230.147.218,2025-03-22 12:09:47.632460
user_401,US,68.236.92.48,2025-05-05 05:44:28.011574
user_293,BY,185.232.123.250,2025-02-17 14:14:22.527037
user_183,SV,81.122.32.18,2025-03-26 22:09:37.619055
user_339,FR,122.6.91.53,2025-01-30 19:07:04.160694
user_268,SC,71.12.99.207,2025-04-02 19:53:38.525097
user_130,GQ,19.164.153.155,2025-03-27 19:53:37.340245
user_344,BI,220.145.128.224,2025-01-13 20:55:22.194381
user_102,AZ,1.12.121.22,2025-04-27 00:53:10.469942
user_218,PL,9.164.220.133,2025-03-09 15:09:32.276011
user_207,MX,52.248.221.71,2025-05-17 01:20:29.030585
user_96,DJ,35.147.125.147,2025-02-17 09:23:19.843638
user_254,VN,37.30.161.155,2025-04-14 21:41:17.519133
user_37,KM,175.78.1.150,2025-04-05 14:55:31.698061
user_450,PT,65.39.109.2,2025-03-22 08:20:38.990958
user_44,IQ,8.225.106.207,2025-01-04 22:12:56.652745
user_473,BG,186.39.48.141,2025-02-25 23:46:56.003374
user_51,FR,53.212.131.151,2025-01-13 23:37:44.702855
user_10,MU,102.28.171.115,2025-04-23 16:57:59.603005
user_429,AU,96.76.185.29,2025-03-21 05:01:44.027971
user_450,SG,201.246.150.110,2025-03-28 07:01:38.265678
user_24,ZA,129.56.189.66,2025-03-24 13:53:29.509718
user_409,TG,60.25.197.121,2025-01-16 12:26:30.732602
user_293,IL,18.123.235.53,2025-05-06 21:26:42.511409
user_139,AE,146.14.99.54,2025-02-20 03:40:49.627062
user_125,NL,200.28.139.153,2025-04-02 18:50:33.613561
user_208,MZ,25.156.103.164,2025-01-24 07:56:58.264456
user_22,GN,20.245.77.106,2025-01-03 09:36:40.872635
user_220,GE,81.38.70.239,2025-04-07 07:02:43.354109
user_406,ES,165.242.131.212,2025-04-15 10:59:00.037707
user_275,BZ,140.227.228.15,2025-01-03 03:56:48.263792
user_414,BG,209.79.115.121,2025-05-09 10:32:09.855254
user_385,TM,160.166.14.134,2025-04-02 13:38:02.316937
user_142,TO,7.205.40.11,2025-05-13 07:08:45.185267
user_43,DJ,58.143.122.235,2025-04-08 04:32:50.913734
user_33,UA,17.22.98.242,2025-03-07 10:45:07.617083
user_195,NI,65.120.222.249,2025-04-14 09:31:09.696550
user_282,MZ,60.37.251.95,2025-04-09 01:22:36.482577
user_481,DZ,201.147.24.167,2025-04-25 22:08:30.910573
user_21,BZ,110.199.86.90,2025-01-16 03:13:24.754472
user_163,MM,71.102.68.71,2025-02-01 08:59:01.070839
user_246,TR,84.162.150.172,2025-01-03 20:12:52.381167
user_14,PH,125.22.224.177,2025-03-30 20:15:55.075234
user_2,PK,108.32.213.173,2025-01-16 23:55:45.690743
user_261,SL,190.237.247.158,2025-05-02 05:52:11.868911
user_17,JM,209.118.25.122,2025-01-14 18:04:28.704255
user_33,VE,55.250.16.207,2025-01-26 08:18:48.286997
user_176,IT,130.0.222.103,2025-04-13 20:17:46.737298
user_430,TG,46.218.64.251,2025-01-12 12:36:36.196413
user_137,KZ,110.43.219.10,2025-01-28 17:22:29.192320
user_430,BF,51.29.109.39,2025-03-21 06:10:23.748415
user_423,DO,48.124.152.152,2025-05-09 09:45:49.414328
user_347,KN,168.42.171.148,2025-02-14 14:01:01.833328
user_59,MD,57.98.213.200,2025-03-24 16:36:30.939427
user_346,KP,15.192.92.183,2025-01-20 01:19:42.275149
user_69,BI,150.115.47.100,2025-04-14 19:35:41.316152
user_218,OM,181.119.103.37,2025-01-22 01:57:47.502936
user_319,BO,27.191.101.76,2025-04-13 16:55:47.761407
user_154,MZ,219.125.219.240,2025-03-15 10:34:02.577890
user_99,SA,24.246.80.171,2025-05-17 05:51:27.975345
user_473,AE,165.209.3.239,2025-04-04 06:31:16.512273
user_288,DJ,21.38.170.235,2025-01-12 19:46:07.201101
user_149,IN,115.11.250.173,2025-02-06 13:45:42.870574
user_471,JO,79.139.242.203,2025-01-04 10:46:29.237977
user_296,PA,179.122.188.104,2025-01-12 18:02:09.070152
user_417,TZ,79.172.145.97,2025-03-21 05:56:57.087423
user_467,TW,171.108.238.103,2025-05-03 22:17:10.187239
user_470,AD,88.53.159.254,2025-04-19 04:31:28.856687
user_59,FR,117.33.131.194,2025-05-19 10:51:47.078277
user_336,EC,202.228.112.155,2025-02-07 15:18:47.932595
user_362,MA,180.3.20.218,2025-03-19 22:32:31.292182
user_328,RO,179.81.55.223,2025-04-24 18:21:17.984266
user_292,TW,219.252.22.49,2025-02-19 17:32:08.438654
user_400,DM,177.141.45.99,2025-03-22 01:46:40.013473
user_301,YE,101.247.201.65,2025-04-27 08:58:42.791347
user_282,BO,193.20.250.184,2025-02-18 02:41:02.722400
user_271,AE,162.98.250.219,2025-04-25 07:01:35.201787
user_197,MH,97.134.222.100,2025-02-06 01:23:25.553061
user_74,TR,17.169.145.7,2025-03-09 10:19:51.434640
user_187,GQ,155.7.53.5,2025-04-25 20:38:10.194659
user_128,PG,221.242.25.26,2025-02-05 16:43:35.136244
user_101,GB,97.14.147.189,2025-01-22 01:45:22.660758
user_83,CL,34.88.194.251,2025-04-22 08:54:32.921261
user_186,IE,148.127.73.138,2025-01-01 22:10:02.373350
user_306,TR,26.171.130.145,2025-01-20 18:05:12.767243
user_190,GM,182.35.218.175,2025-04-12 05:42:24.091321
user_63,TW,29.27.206.84,2025-02-21 07:47:06.393062
user_490,SG,65.223.163.198,2025-04-26 09:44:57.144312
user_27,NI,138.60.93.16,2025-02-15 22:10:20.106740
user_361,DM,19.184.216.246,2025-05-09 03:28:07.797245
user_54,SC,9.61.21.77,2025-03-08 19:45:05.405904
user_90,SC,81.67.197.35,2025-02-26 17:33:53.578750
user_473,AM,24.112.110.173,2025-05-12 08:13:18.683244
user_402,CD,20.85.177.17,2025-05-15 02:19:49.595442
user_385,GH,175.1.9.81,2025-04-08 22:38:15.170316
user_55,ZM,58.45.191.22,2025-01-19 04:25:32.350807
user_271,GD,37.148.59.19,2025-02-21 16:37:32.102371
user_7,CU,199.80.9.84,2025-02-17 20:12:03.552474
user_96,EG,132.77.254.189,2025-02-01 06:36:04.969016
user_60,ZM,53.73.23.130,2025-02-10 05:05:38.417463
user_70,CO,94.37.117.19,2025-02-10 19:27:10.820318
user_134,CV,163.123.67.29,2025-03-09 15:42:45.918084
user_62,PK,119.146.18.68,2025-01-06 16:04:52.122319
user_353,SA,185.59.234.250,2025-04-13 00:30:28.813143
user_268,SE,165.51.234.144,2025-05-07 03:33:15.593117
user_198,NL,48.96.143.88,2025-01-29 19:55:49.655389
user_183,TN,46.232.94.170,2025-04-29 05:51:30.123480
user_15,ME,28.237.71.206,2025-01-03 21:18:19.580568
user_350,AT,175.55.99.30,2025-05-05 06:12:22.035085
user_175,GE,124.54.37.198,2025-03-10 02:40:37.189565
user_462,TG,150.196.122.167,2025-02-05 16:48:00.166518
user_217,TV,15.86.197.185,2025-05-04 02:39:24.013574
user_186,CR,50.107.119.72,2025-05-16 20:28:37.292924
user_394,SO,83.160.110.129,2025-01-03 09:41:49.869641
user_317,BZ,167.89.253.188,2025-04-19 23:03:44.599098
user_235,PT,200.200.18.64,2025-03-14 12:54:39.363282
user_480,ID,102.186.73.64,2025-03-06 18:26:18.568477
user_359,VU,19.174.28.201,2025-04-07 03:50:52.762444
user_324,NE,92.64.249.194,2025-04-21 10:14:58.837728
user_180,PT,200.202.108.245,2025-02-26 18:44:57.964896
user_438,KP,48.228.167.251,2025-03-15 04:56:01.069321
user_348,TW,184.226.165.111,2025-02-01 16:10:45.241042
user_405,TR,117.125.41.244,2025-04-28 14:36:45.676879
user_157,VC,19.82.242.29,2025-05-12 19:52:28.350630
user_118,KH,114.1.179.246,2025-01-18 01:44:08.167315
user_480,CF,39.251.27.18,2025-04-30 10:40:12.609503
user_310,SG,170.111.36.182,2025-03-02 23:01:47.008909
user_385,BS,20.76.47.40,2025-03-28 09:27:00.728314
user_366,GQ,200.253.94.114,2025-01-14 17:18:07.779599
user_432,BI,148.124.218.12,2025-05-02 06:24:40.820392
user_265,RW,3.148.240.118,2025-01-24 07:41:43.474883
user_433,UY,188.103.139.96,2025-02-19 17:09:51.688164
user_398,GB,112.206.200.9,2025-03-31 12:16:11.729869
user_58,TL,60.70.30.125,2025-02-26 11:28:55.273338
user_260,TV,151.42.105.32,2025-04-10 16:44:57.091780
user_452,HN,47.164.172.215,2025-04-04 01:36:46.231383
user_485,UA,152.159.48.110,2025-03-30 08:27:07.364265
user_317,TO,43.249.192.90,2025-03-25 19:58:49.700727
user_278,DE,111.67.91.241,2025-01-21 05:51:50.051021
user_115,SN,52.181.198.236,2025-04-21 11:01:04.395687
user_90,YE,144.78.225.180,2025-04-30 14:48:57.151647
user_443,CI,202.0.243.89,2025-02-17 03:14:36.603077
user_149,NP,106.104.161.172,2025-01-12 19:44:49.197915
user_427,SL,13.241.144.30,2025-02-24 13:05:53.067226
user_60,MW,84.70.232.78,2025-05-04 17:19:48.519392
user_28,BR,166.84.0.245,2025-02-14 01:47:47.804001
user_468,HT,15.102.66.154,2025-04-21 12:56:09.586306
user_382,AF,39.57.14.81,2025-01-17 13:42:40.982754
user_19,CL,105.210.139.41,2025-01-28 03:41:58.671243
user_209,LK,167.182.39.17,2025-01-08 08:50:57.688661
user_125,ML,77.113.69.140,2025-03-21 09:24:23.547289
user_476,SY,59.134.51.153,2025-05-16 01:33:53.602082
user_386,GY,78.112.183.252,2025-02-20 06:38:38.871716
user_240,MT,209.148.46.185,2025-04-04 01:25:32.780612
user_34,TN,164.213.64.105,2025-03-07 13:28:18.579227
user_382,BA,190.114.160.168,2025-05-13 05:05:56.378520
user_80,DM,176.164.253.76,2025-04-20 09:29:20.671561
user_29,BH,211.4.190.76,2025-05-20 06:43:46.842146
user_300,AZ,41.43.133.119,2025-03-02 07:08:45.915980
user_126,ZA,123.9.66.152,2025-05-17 16:19:03.016362
user_213,CH,170.199.101.55,2025-02-02 12:53:14.144304
user_300,RW,46.135.146.165,2025-03-16 14:13:26.825356
user_125,RO,177.33.20.211,2025-02-22 22:02:29.777621
user_184,MG,191.36.120.68,2025-02-17 15:10:42.110129
user_30,PY,130.54.11.20,2025-02-02 14:30:51.057658
user_476,CL,59.69.141.227,2025-03-24 00:16:05.578804
user_404,MX,148.140.32.222,2025-03-10 00:49:10.366566
user_282,IE,165.104.130.117,2025-02-07 07:20:14.741840
user_458,MH,103.105.9.210,2025-01-14 04:55:58.659372
user_224,IN,32.158.90.82,2025-02-10 12:28:09.898680
user_215,TV,123.84.101.151,2025-03-19 17:44:18.956632
user_270,JP,38.0.251.11,2025-01-20 17:25:13.798941
user_128,EG,212.187.66.255,2025-05-20 04:37:14.984686
user_297,GB,1.238.9.81,2025-05-13 02:31:28.135679
user_159,MY,83.84.168.227,2025-05-15 13:31:41.705339
user_65,CV,75.215.153.96,2025-01-22 19:32:23.361856
user_14,TW,89.120.42.59,2025-01-23 17:34:34.111268
user_94,NG,210.169.179.170,2025-04-12 04:31:51.475684
user_259,CI,96.219.209.34,2025-02-05 17:15:36.291264
user_397,JM,84.13.182.94,2025-02-17 13:43:19.101321
user_43,TW,15.138.92.64,2025-01-08 19:56:23.993697
user_79,NZ,3.2.18.74,2025-04-24 04:33:03.152478
user_454,PG,49.127.95.115,2025-05-12 17:41:32.447038
user_156,DO,23.209.228.55,2025-05-03 11:20:21.145118
user_327,SY,166.81.19.245,2025-04-30 01:23:09.585456
user_338,MN,135.212.118.96,2025-04-06 19:49:06.806912
user_410,RS,76.126.48.81,2025-05-17 08:56:47.245580
user_209,TZ,42.218.59.8,2025-04-07 14:19:45.910896
user_132,ML,3.146.70.119,2025-05-05 06:10:25.288327
user_302,MD,43.97.180.50,2025-05-13 05:10:47.479675
user_246,BS,161.10.220.190,2025-04-20 23:19:50.499808
user_309,CM,65.47.55.184,2025-02-28 07:10:39.160408
user_330,PW,156.47.26.100,2025-03-05 23:05:12.525681
user_313,DK,90.209.106.159,2025-03-24 08:53:18.085713
user_86,NI,62.0.143.109,2025-02-24 15:15:20.172264
user_148,CU,198.169.241.28,2025-05-17 20:31:11.027803
user_310,VC,125.46.132.21,2025-02-02 12:45:01.384524
user_125,BA,222.187.1.159,2025-01-28 00:14:09.168477
user_420,EE,7.43.12.52,2025-01-01 17:33:10.967015
user_260,KW,66.203.151.232,2025-05-15 05:49:48.636242
user_221,BN,157.184.64.219,2025-04-21 12:00:40.494495
user_433,BF,60.92.160.56,2025-04-08 23:55:36.806137
user_325,TV,119.181.236.72,2025-05-02 21:15:15.981211
user_337,NL,64.138.108.218,2025-03-24 00:24:55.965956
user_100,FJ,137.121.105.219,2025-05-01 06:15:03.520085
user_229,HT,123.80.1.145,2025-03-06 05:02:12.966992
user_429,KH,143.166.213.242,2025-02-23 16:17:39.691094
user_478,SI,194.202.253.158,2025-03-06 12:21:18.799414
user_229,BG,140.96.94.50,2025-04-23 04:53:40.358478
user_386,MV,203.127.144.42,2025-02-19 04:13:07.626488
user_94,NO,37.187.149.195,2025-01-21 00:00:07.454248
user_82,AG,176.168.62.34,2025-01-25 17:23:16.277348
user_74,SB,103.91.69.95,2025-03-01 12:12:12.190563
user_85,NG,182.34.60.156,2025-04-29 09:13:05.188165
user_301,GY,82.140.233.56,2025-02-08 11:13:31.503808
user_467,SE,83.9.243.235,2025-02-24 07:56:41.715251
user_185,AF,169.253.144.74,2025-02-28 23:08:35.865341
user_61,SK,105.83.228.82,2025-03-23 05:09:11.714946
user_361,MV,94.180.13.103,2025-04-08 07:26:18.977290
user_389,FJ,166.8.85.156,2025-01-08 03:34:51.057109
user_379,BE,111.216.89.162,2025-05-20 02:35:19.729579
user_185,GR,35.215.70.96,2025-02-10 17:13:33.034106
user_212,LV,133.64.245.217,2025-04-24 08:19:28.935230
user_153,BR,61.195.67.178,2025-04-23 09:10:45.067112
user_276,NG,45.231.135.29,2025-01-25 16:57:32.368932
user_33,ET,187.176.109.37,2025-05-12 19:15:33.469465
user_372,YE,103.205.90.1,2025-02-15 12:49:05.704257
user_261,KP,178.66.8.168,2025-05-04 13:27:39.347210
user_221,CA,112.104.200.94,2025-01-11 21:46:39.601014
user_304,RO,54.170.157.103,2025-03-06 20:16:29.910913
user_211,PG,211.173.182.156,2025-03-04 13:17:18.188780
user_351,AF,111.9.46.214,2025-05-19 10:10:30.409707
user_368,BD,25.48.197.60,2025-05-13 11:38:03.810355
user_34,CI,114.211.234.114,2025-05-02 04:13:50.164399
user_490,SD,198.120.253.176,2025-02-12 16:52:34.169173
user_147,CF,88.126.79.129,2025-04-30 05:07:30.069180
user_441,PY,57.150.75.110,2025-01-01 04:50:31.946606
user_126,IQ,43.167.235.88,2025-03-09 07:08:50.477419
user_355,AG,52.38.18.187,2025-05-08 15:42:30.001667
user_281,GM,213.93.80.5,2025-03-25 12:18:19.441956
user_73,TO,33.98.16.36,2025-01-03 15:21:19.571016
user_251,BA,34.195.115.217,2025-02-28 14:00:19.807576
user_421,ST,24.158.73.101,2025-01-16 11:00:37.841520
user_482,BG,23.185.18.229,2025-03-26 07:30:46.634520
user_92,BS,155.170.101.89,2025-03-02 04:23:49.523149
user_251,US,204.54.221.164,2025-04-01 10:58:41.093464
user_173,GN,86.81.76.167,2025-05-13 03:01:40.992857
user_245,SE,16.147.85.216,2025-02-15 02:01:56.163495
user_443,KZ,179.57.155.95,2025-01-05 15:25:53.965433
user_485,BO,138.109.217.166,2025-02-24 16:33:46.008403
user_214,CI,209.68.68.155,2025-01-05 06:55:14.631183
user_212,UY,66.37.226.186,2025-03-22 09:54:54.504863
user_103,JP,97.180.51.208,2025-04-23 10:41:47.653348
user_379,VU,121.97.205.72,2025-04-11 19:57:17.817001
user_427,JM,47.57.28.44,2025-01-25 08:08:23.025068
user_398,FJ,7.211.178.172,2025-03-25 18:07:43.749933
user_381,ZW,94.169.209.109,2025-05-06 21:15:48.202307
user_85,GB,70.36.229.145,2025-05-16 14:06:51.937979
user_151,IR,33.78.157.159,2025-04-17 01:42:04.064258
user_346,DM,83.241.134.124,2025-03-31 06:34:57.397063
user_64,PW,89.69.83.220,2025-04-12 05:35:02.146658
user_274,DE,125.226.186.186,2025-01-07 11:49:23.480018
user_50,LS,219.131.181.160,2025-02-04 17:03:58.894344
user_190,TO,19.233.45.245,2025-05-02 23:17:29.338995
user_94,KR,55.233.145.2,2025-01-15 18:16:58.132393
user_160,KG,129.229.59.4,2025-03-02 14:49:41.687818
user_383,SV,102.48.243.211,2025-04-27 19:53:06.229612
user_426,GE,65.33.112.183,2025-01-18 07:34:13.148810
user_240,MX,204.200.159.187,2025-01-24 02:26:53.876108
user_380,ML,9.5.43.80,2025-03-13 23:41:08.207514
user_18,CD,36.8.79.65,2025-03-06 19:06:40.959731
user_144,RS,30.124.73.216,2025-01-03 03:56:13.646530
user_28,SY,75.55.73.72,2025-03-04 22:05:16.779069
user_406,GT,27.211.231.225,2025-03-31 14:30:35.074324
user_25,MW,207.116.91.157,2025-03-20 01:51:02.841152
user_78,DO,107.154.183.12,2025-02-27 23:17:26.537221
user_318,BZ,118.239.222.159,2025-04-14 04:40:48.710349
user_193,GY,1.80.39.255,2025-02-23 22:05:21.017275
user_158,KW,80.36.236.173,2025-03-15 17:26:50.112356
user_348,VU,72.184.22.121,2025-02-19 18:10:11.691374
user_105,UA,120.208.253.1,2025-02-16 14:42:56.005138
user_52,LT,78.182.56.218,2025-01-05 06:48:53.514006
user_320,PA,202.128.222.7,2025-03-23 03:18:51.293675
user_25,KH,188.38.34.203,2025-01-16 03:43:05.895221
user_376,MD,200.23.167.176,2025-05-05 20:31:31.730480
user_34,AU,3.34.96.250,2025-04-01 20:29:09.009344
user_412,WS,41.237.104.148,2025-02-27 10:55:26.566738
user_132,NL,177.154.154.226,2025-02-14 01:47:03.107705
user_66,CD,160.175.23.240,2025-01-31 17:15:39.664757
user_76,PK,23.190.170.33,2025-01-02 17:34:43.679695
user_388,SK,218.127.241.16,2025-02-02 22:28:03.135835
user_50,MK,49.95.227.244,2025-04-30 19:03:21.471157
user_120,SR,49.50.230.100,2025-03-30 06:36:09.505680
user_93,VA,214.99.164.156,2025-02-16 19:46:21.069660
user_415,FI,27.19.125.1,2025-04-19 01:39:32.197036
user_205,SO,141.139.66.88,2025-03-22 03:13:45.167092
user_286,CI,18.54.93.138,2025-04-15 05:38:26.261854
user_395,MR,206.99.181.137,2025-04-01 15:33:29.968573
user_88,AO,222.24.77.159,2025-03-01 06:53:30.105231
user_361,TR,218.41.101.212,2025-03-15 12:33:12.507698
user_48,KP,4.9.26.147,2025-03-24 01:33:56.493816
user_36,PG,206.33.72.54,2025-03-31 09:57:48.334549
user_83,OM,158.243.18.18,2025-01-17 23:47:37.779138
user_201,LY,216.200.238.17,2025-04-10 12:58:01.213521
user_145,GR,44.64.176.65,2025-03-21 17:13:34.771427
user_55,IE,81.236.208.75,2025-04-02 23:05:28.311181
user_69,FI,108.13.174.124,2025-05-17 00:57:38.450186
user_34,CV,51.196.166.226,2025-05-19 19:18:28.521538
user_476,TN,82.205.107.249,2025-03-04 04:03:42.156851
user_30,ZW,154.53.109.142,2025-01-01 01:38:21.751699
user_3,MW,181.206.96.123,2025-01-12 22:13:23.058035
user_335,WS,22.134.127.253,2025-04-18 10:19:23.844567
user_328,GB,117.173.73.181,2025-04-23 22:12:29.255277
user_320,BT,11.151.213.118,2025-01-22 23:04:15.263858
user_160,KM,106.235.242.237,2025-01-30 04:23:47.261055
user_100,NE,47.140.112.74,2025-01-22 07:21:51.021079
user_490,MD,94.96.71.8,2025-03-28 14:30:06.670357
user_352,SB,55.147.138.68,2025-05-07 21:53:23.154592
user_4,ZW,220.119.181.61,2025-04-26 02:19:14.036121
user_119,RW,131.83.35.25,2025-05-03 13:30:51.954426
user_428,PW,132.100.249.133,2025-04-08 23:07:09.727935
user_174,GD,116.59.171.71,2025-01-22 17:09:59.833007
user_439,AE,177.199.24.50,2025-01-05 05:07:32.233685
user_422,PE,222.219.112.122,2025-05-17 05:22:00.950160
user_53,IN,145.230.84.121,2025-03-07 07:57:41.536925
user_170,MT,183.150.18.171,2025-02-19 04:57:55.310423
user_197,BA,190.33.17.208,2025-05-02 10:54:45.929707
user_362,MV,26.51.229.77,2025-02-21 13:11:55.093890
user_352,SA,177.28.224.93,2025-03-27 19:10:17.419729
user_347,KW,98.45.171.239,2025-01-02 11:44:56.019789
user_178,AD,204.214.12.254,2025-05-05 18:03:03.040056
user_466,LY,114.248.178.198,2025-02-04 17:58:52.753198
user_344,UA,111.174.88.165,2025-03-13 23:43:46.042379
user_471,RO,100.133.2.148,2025-04-12 10:44:41.562791
user_131,CD,62.178.195.7,2025-01-17 12:09:34.105667
user_306,KH,154.16.143.240,2025-05-06 07:18:10.651343
user_207,DJ,186.143.52.249,2025-02-23 04:13:47.426630
user_230,RU,186.2.82.115,2025-03-29 23:32:12.359653
user_454,UZ,168.51.232.239,2025-04-11 11:45:56.667345
user_346,TN,23.89.86.201,2025-04-16 05:07:17.049729
user_53,BF,183.222.204.120,2025-04-19 13:25:39.067212
user_327,CL,220.209.235.130,2025-02-03 10:28:10.335871
user_92,CO,214.110.214.176,2025-01-17 18:57:38.857629
user_267,BD,219.162.248.54,2025-01-08 11:22:21.484001
user_439,NR,71.81.16.120,2025-04-29 16:17:01.286367
user_474,TM,187.42.232.222,2025-03-28 07:06:22.586978
user_161,AZ,61.129.253.136,2025-04-23 21:48:16.467061
user_71,NR,220.247.45.126,2025-02-20 12:08:27.906830
user_172,JO,143.33.25.187,2025-04-07 09:04:29.870644
user_66,ZA,45.186.209.128,2025-02-26 11:33:03.527995
user_34,GT,18.23.114.15,2025-04-12 17:08:03.408012
user_10,RO,72.179.144.30,2025-01-21 02:56:07.670498
user_143,BI,38.235.43.211,2025-04-07 11:31:59.494758
user_112,HU,156.90.171.224,2025-04-30 02:24:43.802200
user_152,UY,109.88.69.74,2025-02-20 11:15:20.236522
user_167,BJ,164.185.240.117,2025-01-27 20:35:03.119159
user_250,SE,204.169.120.184,2025-04-15 04:00:10.914990
user_26,SN,48.36.236.178,2025-04-10 18:08:38.453639
user_388,VU,123.49.170.35,2025-01-21 16:57:17.084451
user_463,BO,138.122.107.210,2025-02-06 04:02:50.685801
user_406,AO,32.133.221.77,2025-04-15 00:42:48.545357
user_326,GW,51.87.52.35,2025-01-16 17:46:39.446831
user_70,IR,174.53.104.22,2025-05-01 05:24:16.340471
user_418,FI,133.20.96.151,2025-01-29 15:24:00.522364
user_411,NZ,101.192.219.220,2025-04-23 16:10:07.142716
user_487,SK,131.179.23.39,2025-05-12 07:39:11.181073
user_58,MM,83.206.8.165,2025-03-17 22:29:18.930798
user_128,US,121.55.178.4,2025-03-16 00:47:21.891181
user_325,FI,36.5.64.191,2025-03-10 13:22:04.879783
user_335,GA,102.254.6.239,2025-03-27 07:58:43.241413
user_438,SN,76.109.254.203,2025-03-13 01:57:20.558826
user_424,ES,50.95.99.42,2025-05-01 10:10:13.529399
user_98,GH,73.45.58.240,2025-03-30 07:45:46.524207
user_235,BD,52.193.204.49,2025-03-28 20:35:34.825450
user_446,GA,155.205.43.22,2025-01-03 15:49:35.881943
user_327,DM,62.230.164.183,2025-01-11 23:06:59.167279
user_432,TH,200.252.241.110,2025-03-12 16:47:05.346918
user_117,KN,173.134.172.15,2025-05-17 22:32:37.342648
user_341,BY,205.78.88.24,2025-03-22 04:46:00.888680
user_248,AF,140.249.57.63,2025-05-05 07:43:20.311369
user_75,ET,152.155.121.43,2025-04-16 05:19:14.566961
user_214,IQ,8.6.51.91,2025-01-04 07:03:21.570564
user_336,TZ,32.101.47.126,2025-02-26 11:13:13.837186
user_245,FR,166.176.150.169,2025-04-21 13:52:52.214288
user_488,MK,99.254.222.217,2025-04-24 03:07:20.661838
user_37,PY,169.37.130.3,2025-02-11 06:56:32.188587
user_171,OM,159.38.168.150,2025-04-05 06:17:39.895872
user_148,TZ,219.146.120.62,2025-05-14 17:18:49.249982
user_448,IR,188.123.4.129,2025-01-24 18:34:42.489392
user_478,PE,57.185.148.181,2025-03-04 17:12:36.468579
user_120,CY,47.250.11.16,2025-02-17 06:34:24.065183
user_355,BB,94.168.143.50,2025-04-20 06:17:32.004331
user_453,JM,13.55.172.65,2025-04-06 18:15:08.391417
user_50,HR,178.77.185.112,2025-03-24 04:20:15.283847
user_446,AG,203.54.1.2,2025-02-18 11:41:25.688864
user_416,HT,136.150.94.35,2025-01-04 01:39:24.436922
user_306,HR,206.90.19.116,2025-04-30 06:59:29.333513
user_223,RU,57.209.130.170,2025-02-01 18:30:46.319968
user_469,TW,74.216.126.190,2025-03-31 01:25:05.638772
user_445,MK,169.234.113.82,2025-03-27 00:10:50.976799
user_341,KE,111.184.200.99,2025-03-23 22:16:14.044761
user_211,IQ,88.194.223.201,2025-03-21 23:30:41.657117
user_320,JM,175.158.117.2,2025-02-17 08:03:24.106880
user_379,CL,10.48.74.200,2025-03-31 22:38:31.952504
user_242,TR,50.10.123.208,2025-05-15 03:25:10.799188
user_135,SD,180.201.16.91,2025-04-30 13:02:09.058741
user_32,DZ,130.236.12.157,2025-01-23 00:46:08.415633
user_141,TD,44.236.83.167,2025-05-09 18:58:41.876990
user_220,IN,183.238.213.78,2025-04-03 02:20:06.349309
user_47,TL,129.197.71.113,2025-02-14 16:40:24.236542
user_283,CL,207.137.100.228,2025-02-28 11:05:42.048481
user_378,LB,1.206.251.129,2025-04-21 08:07:54.256079
user_163,NG,153.97.213.56,2025-04-09 17:38:24.124956
user_404,NA,55.38.154.159,2025-03-04 03:06:24.162432
user_348,LA,81.188.246.196,2025-01-15 07:42:34.103161
user_203,AR,183.139.2.252,2025-01-13 23:04:29.437022
user_404,GB,189.62.86.177,2025-03-07 23:32:44.611929
user_115,ZA,195.70.62.103,2025-02-12 09:12:02.165398
user_36,JP,61.21.67.193,2025-03-14 07:40:27.118338
user_467,TT,40.141.36.210,2025-05-03 09:15:55.502294
user_421,CI,116.93.170.131,2025-03-18 10:34:28.848998
user_316,NO,202.47.168.162,2025-04-22 15:20:45.961996
user_83,SA,45.187.78.84,2025-03-18 22:37:13.933094
user_190,AE,101.241.39.96,2025-03-14 11:19:36.390323
user_326,EC,42.129.243.45,2025-02-09 12:55:52.200779
user_133,BJ,1.70.43.21,2025-02-17 19:25:14.000249
user_409,DJ,4.124.195.210,2025-04-21 13:04:33.740625
user_442,ZM,53.10.160.104,2025-03-06 08:46:54.105545
user_43,KE,97.167.49.7,2025-02-15 16:22:45.607009
user_96,FM,99.100.21.239,2025-04-03 13:08:02.423999
user_49,TV,187.180.228.66,2025-02-17 18:20:18.621080
user_137,CZ,32.76.72.114,2025-01-26 20:43:17.187823
user_137,CG,179.69.195.153,2025-01-30 09:40:06.955775
user_304,KZ,121.129.57.60,2025-01-29 23:45:53.890429
user_449,ST,177.77.0.205,2025-01-12 05:42:09.099469
user_266,NZ,128.220.152.115,2025-02-11 11:09:38.858293
user_258,TZ,120.35.111.123,2025-03-06 16:58:19.839139
user_234,LK,37.81.148.8,2025-01-04 21:45:56.333532
user_46,LT,193.135.205.199,2025-03-23 20:36:39.266054
user_338,UG,15.208.194.76,2025-05-20 23:40:05.683212
user_488,NG,79.162.11.79,2025-01-24 23:24:16.013124
user_227,TZ,137.213.228.254,2025-01-13 10:13:38.551125
